{"tgt_stids":"","data":{"poilist":[{"id":544194829807502,"mt_poi_id":157714747,"name":"许留山（南山来福士店）","support_coupon":0,"is_favorite":0,"sort_reason_type":0,"sort_reason_tag":"","delivery_type":1,"mt_delivery_time":"40分钟","status":1,"origin_status":0,"status_desc":"","pic_url":"http://p0.meituan.net/xianfu/6a887106a39705b5f629cae9239b8fc1195685.jpg","pic_url_square":"","avg_delivery_time":40,"shipping_fee":10.0,"shipping_fee_discount":0,"min_price":30.0,"new_promotion":0,"discounts2":[{"id":-3,"type":99,"info":"由美团专送提供高品质送餐服务","icon_url":"http://p0.meituan.net/xianfu/51639e2e7a51c71d967acc44a060e3092048.png","use_icon_from_server":1,"display_code":1,"sequence":49}],"shipping_time_info":{"in_shipping_time":1,"beg_shipping_time":"","status_content":"","desc_content":"","reservation_status":0},"month_sale_num":415,"wm_poi_score":4.7,"shipping_time_x":"","pre_book":0,"brand_type":372,"sales":0,"priority":0,"wm_poi_opening_days":0,"buz_type":0,"across_book_offset_days":0,"across_book_max_days":0,"latitude":0,"longitude":0,"primitiveDistance":1.7976931348623157E308,"distance":"3.2km","poi_type_icon":"http://p1.meituan.net/aichequan/a88918ba8699e15a5d16d5d7e09ad0022192.png","ad_attr":"","shipping_fee_tip":"配送 ¥10(夜间价)","min_price_tip":"起送 ¥30","average_price_tip":"","recommend_info":{"icon":"","recommend_reason":""},"support_pay":0,"invoice_support":0,"invoice_min_price":0,"charge_info":"","ad_type":0,"wm_poi_view_id":"544194829807502"},{"id":285801007316711,"mt_poi_id":1573997,"name":"85度C（常兴店）","support_coupon":0,"is_favorite":0,"sort_reason_type":0,"sort_reason_tag":"","delivery_type":1,"mt_delivery_time":"40分钟","status":1,"origin_status":0,"status_desc":"","pic_url":"http://p1.meituan.net/xianfu/f7b4ff730e90807900799b95a7c998eb8969.jpeg","pic_url_square":"","avg_delivery_time":40,"shipping_fee":8.0,"shipping_fee_discount":0,"min_price":30.0,"new_promotion":0,"discounts2":[{"id":-3,"type":99,"info":"由美团专送提供高品质送餐服务","icon_url":"http://p0.meituan.net/xianfu/51639e2e7a51c71d967acc44a060e3092048.png","use_icon_from_server":1,"display_code":1,"sequence":49}],"shipping_time_info":{"in_shipping_time":1,"beg_shipping_time":"","status_content":"","desc_content":"","reservation_status":0},"month_sale_num":1074,"wm_poi_score":4.8,"shipping_time_x":"","pre_book":0,"brand_type":13674,"sales":0,"priority":0,"wm_poi_opening_days":0,"buz_type":0,"across_book_offset_days":0,"across_book_max_days":0,"latitude":0,"longitude":0,"primitiveDistance":1.7976931348623157E308,"distance":"756m","poi_type_icon":"http://p1.meituan.net/aichequan/a88918ba8699e15a5d16d5d7e09ad0022192.png","ad_attr":"","shipping_fee_tip":"配送 ¥8(夜间价)","min_price_tip":"起送 ¥30","average_price_tip":"人均 ¥19","recommend_info":{"icon":"","recommend_reason":""},"support_pay":0,"invoice_support":0,"invoice_min_price":0,"charge_info":"","ad_type":0,"wm_poi_view_id":"285801007316711"},{"id":365245017378889,"mt_poi_id":5875797,"name":"CoCo都可(人人乐店)","support_coupon":0,"is_favorite":0,"sort_reason_type":0,"sort_reason_tag":"","delivery_type":1,"mt_delivery_time":"40分钟","status":1,"origin_status":0,"status_desc":"","pic_url":"http://p0.meituan.net/xianfu/a08729067e17583c554fc16a647a84639601.jpg","pic_url_square":"","avg_delivery_time":40,"shipping_fee":8.0,"shipping_fee_discount":0,"min_price":20.0,"new_promotion":0,"discounts2":[{"id":-3,"type":99,"info":"由美团专送提供高品质送餐服务","icon_url":"http://p0.meituan.net/xianfu/51639e2e7a51c71d967acc44a060e3092048.png","use_icon_from_server":1,"display_code":1,"sequence":49}],"shipping_time_info":{"in_shipping_time":1,"beg_shipping_time":"","status_content":"","desc_content":"","reservation_status":0},"month_sale_num":1987,"wm_poi_score":4.7,"shipping_time_x":"","pre_book":0,"brand_type":28332,"sales":0,"priority":0,"wm_poi_opening_days":0,"buz_type":0,"across_book_offset_days":0,"across_book_max_days":0,"latitude":0,"longitude":0,"primitiveDistance":1.7976931348623157E308,"distance":"2.4km","poi_type_icon":"http://p1.meituan.net/aichequan/a88918ba8699e15a5d16d5d7e09ad0022192.png","ad_attr":"","shipping_fee_tip":"配送 ¥8(夜间价)","min_price_tip":"起送 ¥20","average_price_tip":"人均 ¥17","recommend_info":{"icon":"","recommend_reason":""},"support_pay":0,"invoice_support":0,"invoice_min_price":0,"charge_info":"","ad_type":0,"wm_poi_view_id":"365245017378889"},{"id":500583731826203,"mt_poi_id":92511031,"name":"1點點(学府路店)","support_coupon":0,"is_favorite":0,"sort_reason_type":0,"sort_reason_tag":"","delivery_type":1,"mt_delivery_time":"45分钟","status":1,"origin_status":0,"status_desc":"","pic_url":"http://p1.meituan.net/xianfu/f5e4ca936f8320df719ac139c6e2a2b77068.jpeg","pic_url_square":"","avg_delivery_time":45,"shipping_fee":8.0,"shipping_fee_discount":0,"min_price":20.0,"new_promotion":0,"discounts2":[{"id":-3,"type":99,"info":"由美团专送提供高品质送餐服务","icon_url":"http://p0.meituan.net/xianfu/51639e2e7a51c71d967acc44a060e3092048.png","use_icon_from_server":1,"display_code":1,"sequence":49}],"shipping_time_info":{"in_shipping_time":1,"beg_shipping_time":"","status_content":"","desc_content":"","reservation_status":0},"month_sale_num":1802,"wm_poi_score":4.8,"shipping_time_x":"","pre_book":0,"brand_type":19008,"sales":0,"priority":0,"wm_poi_opening_days":0,"buz_type":0,"across_book_offset_days":0,"across_book_max_days":0,"latitude":0,"longitude":0,"primitiveDistance":1.7976931348623157E308,"distance":"979m","poi_type_icon":"http://p1.meituan.net/aichequan/a88918ba8699e15a5d16d5d7e09ad0022192.png","ad_attr":"","shipping_fee_tip":"配送 ¥8(夜间价)","min_price_tip":"起送 ¥20","average_price_tip":"人均 ¥16","recommend_info":{"icon":"","recommend_reason":""},"support_pay":0,"invoice_support":0,"invoice_min_price":0,"charge_info":"","ad_type":0,"wm_poi_view_id":"500583731826203"},{"id":432869277479929,"mt_poi_id":1780723,"name":"仙草频道（学府店）","support_coupon":0,"is_favorite":0,"sort_reason_type":0,"sort_reason_tag":"","delivery_type":1,"mt_delivery_time":"40分钟","status":1,"origin_status":0,"status_desc":"","pic_url":"http://p1.meituan.net/xianfu/c0034d3244e9a49d864f0dcf8e1ec65487629.jpg","pic_url_square":"","avg_delivery_time":40,"shipping_fee":7.0,"shipping_fee_discount":0,"min_price":20.0,"new_promotion":0,"discounts2":[{"id":-3,"type":99,"info":"由美团专送提供高品质送餐服务","icon_url":"http://p0.meituan.net/xianfu/51639e2e7a51c71d967acc44a060e3092048.png","use_icon_from_server":1,"display_code":1,"sequence":49}],"shipping_time_info":{"in_shipping_time":1,"beg_shipping_time":"","status_content":"","desc_content":"","reservation_status":0},"month_sale_num":275,"wm_poi_score":4.6,"shipping_time_x":"","pre_book":0,"brand_type":0,"sales":0,"priority":0,"wm_poi_opening_days":0,"buz_type":0,"across_book_offset_days":0,"across_book_max_days":0,"latitude":0,"longitude":0,"primitiveDistance":1.7976931348623157E308,"distance":"1.2km","poi_type_icon":"","ad_attr":"","shipping_fee_tip":"配送 ¥7(夜间价)","min_price_tip":"起送 ¥20","average_price_tip":"人均 ¥14","recommend_info":{"icon":"","recommend_reason":""},"support_pay":0,"invoice_support":0,"invoice_min_price":0,"charge_info":"","ad_type":0,"wm_poi_view_id":"432869277479929"},{"id":479985068727366,"mt_poi_id":4173124,"name":"T4清茶达人","support_coupon":0,"is_favorite":0,"sort_reason_type":0,"sort_reason_tag":"","delivery_type":1,"mt_delivery_time":"40分钟","status":1,"origin_status":0,"status_desc":"","pic_url":"http://p1.meituan.net/xianfu/5734b57724636e48adabc4d057cecdbf178160.jpg","pic_url_square":"","avg_delivery_time":40,"shipping_fee":7.0,"shipping_fee_discount":0,"min_price":25.0,"new_promotion":0,"discounts2":[{"id":-3,"type":99,"info":"由美团专送提供高品质送餐服务","icon_url":"http://p0.meituan.net/xianfu/51639e2e7a51c71d967acc44a060e3092048.png","use_icon_from_server":1,"display_code":1,"sequence":49}],"shipping_time_info":{"in_shipping_time":1,"beg_shipping_time":"","status_content":"","desc_content":"","reservation_status":0},"month_sale_num":309,"wm_poi_score":4.7,"shipping_time_x":"","pre_book":0,"brand_type":0,"sales":0,"priority":0,"wm_poi_opening_days":0,"buz_type":0,"across_book_offset_days":0,"across_book_max_days":0,"latitude":0,"longitude":0,"primitiveDistance":1.7976931348623157E308,"distance":"935m","poi_type_icon":"","ad_attr":"","shipping_fee_tip":"配送 ¥7(夜间价)","min_price_tip":"起送 ¥25","average_price_tip":"人均 ¥20","recommend_info":{"icon":"","recommend_reason":""},"support_pay":0,"invoice_support":0,"invoice_min_price":0,"charge_info":"","ad_type":0,"wm_poi_view_id":"479985068727366"},{"id":286578396395877,"mt_poi_id":157715802,"name":"鲜芋仙（来福士店）","support_coupon":0,"is_favorite":0,"sort_reason_type":0,"sort_reason_tag":"","delivery_type":1,"mt_delivery_time":"40分钟","status":1,"origin_status":0,"status_desc":"","pic_url":"http://p0.meituan.net/xianfu/ccac56cdaa9f2170b5203d401a72142313660.jpg","pic_url_square":"","avg_delivery_time":40,"shipping_fee":10.0,"shipping_fee_discount":0,"min_price":40.0,"new_promotion":0,"discounts2":[{"id":-3,"type":99,"info":"由美团专送提供高品质送餐服务","icon_url":"http://p0.meituan.net/xianfu/51639e2e7a51c71d967acc44a060e3092048.png","use_icon_from_server":1,"display_code":1,"sequence":49}],"shipping_time_info":{"in_shipping_time":1,"beg_shipping_time":"","status_content":"","desc_content":"","reservation_status":0},"month_sale_num":535,"wm_poi_score":4.7,"shipping_time_x":"","pre_book":0,"brand_type":426,"sales":0,"priority":0,"wm_poi_opening_days":0,"buz_type":0,"across_book_offset_days":0,"across_book_max_days":0,"latitude":0,"longitude":0,"primitiveDistance":1.7976931348623157E308,"distance":"3.2km","poi_type_icon":"http://p1.meituan.net/aichequan/a88918ba8699e15a5d16d5d7e09ad0022192.png","ad_attr":"","shipping_fee_tip":"配送 ¥10(夜间价)","min_price_tip":"起送 ¥40","average_price_tip":"人均 ¥28","recommend_info":{"icon":"","recommend_reason":""},"support_pay":0,"invoice_support":0,"invoice_min_price":0,"charge_info":"","ad_type":0,"wm_poi_view_id":"286578396395877"},{"id":476982886538016,"mt_poi_id":162880738,"name":"大良华记特色牛奶饮品","support_coupon":0,"is_favorite":0,"sort_reason_type":0,"sort_reason_tag":"","delivery_type":1,"mt_delivery_time":"40分钟","status":1,"origin_status":0,"status_desc":"","pic_url":"http://p0.meituan.net/wmproduct/bb48a17b2d8f6b6be11fb63a9391e41c201624.jpg","pic_url_square":"","avg_delivery_time":40,"shipping_fee":9.0,"shipping_fee_discount":0,"min_price":20.0,"new_promotion":0,"discounts2":[{"id":-3,"type":99,"info":"由美团专送提供高品质送餐服务","icon_url":"http://p0.meituan.net/xianfu/51639e2e7a51c71d967acc44a060e3092048.png","use_icon_from_server":1,"display_code":1,"sequence":49}],"shipping_time_info":{"in_shipping_time":1,"beg_shipping_time":"","status_content":"","desc_content":"","reservation_status":0},"month_sale_num":355,"wm_poi_score":4.5,"shipping_time_x":"","pre_book":0,"brand_type":0,"sales":0,"priority":0,"wm_poi_opening_days":0,"buz_type":0,"across_book_offset_days":0,"across_book_max_days":0,"latitude":0,"longitude":0,"primitiveDistance":1.7976931348623157E308,"distance":"2.5km","poi_type_icon":"","ad_attr":"","shipping_fee_tip":"配送 ¥9(夜间价)","min_price_tip":"起送 ¥20","average_price_tip":"人均 ¥21","recommend_info":{"icon":"","recommend_reason":""},"support_pay":0,"invoice_support":0,"invoice_min_price":0,"charge_info":"","ad_type":0,"wm_poi_view_id":"476982886538016"},{"id":483159049534478,"mt_poi_id":156816355,"name":"素匠泰茶（南山店）","support_coupon":0,"is_favorite":0,"sort_reason_type":0,"sort_reason_tag":"","delivery_type":1,"mt_delivery_time":"40分钟","status":1,"origin_status":0,"status_desc":"","pic_url":"http://p0.meituan.net/wmproduct/e919d9df3136da90d7f8f82e754bb90c288255.jpg","pic_url_square":"","avg_delivery_time":40,"shipping_fee":8.0,"shipping_fee_discount":0,"min_price":20.0,"new_promotion":0,"discounts2":[{"id":103,"type":24,"info":"有机会领取商家代金券","icon_url":"http://p0.meituan.net/xianfu/c2c0f31d0ebf0f60af115d058169c492992.png","use_icon_from_server":1,"display_code":2,"sequence":6},{"id":-3,"type":99,"info":"由美团专送提供高品质送餐服务","icon_url":"http://p0.meituan.net/xianfu/51639e2e7a51c71d967acc44a060e3092048.png","use_icon_from_server":1,"display_code":1,"sequence":49}],"shipping_time_info":{"in_shipping_time":1,"beg_shipping_time":"","status_content":"","desc_content":"","reservation_status":0},"month_sale_num":616,"wm_poi_score":4.9,"shipping_time_x":"","pre_book":0,"brand_type":0,"sales":0,"priority":0,"wm_poi_opening_days":0,"buz_type":0,"across_book_offset_days":0,"across_book_max_days":0,"latitude":0,"longitude":0,"primitiveDistance":1.7976931348623157E308,"distance":"2.6km","poi_type_icon":"","ad_attr":"","shipping_fee_tip":"配送 ¥8(夜间价)","min_price_tip":"起送 ¥20","average_price_tip":"人均 ¥25","recommend_info":{"icon":"","recommend_reason":""},"support_pay":0,"invoice_support":0,"invoice_min_price":0,"charge_info":"","ad_type":0,"wm_poi_view_id":"483159049534478"},{"id":366963004324263,"mt_poi_id":108496907,"name":"台盖（南山茂业店）","support_coupon":0,"is_favorite":0,"sort_reason_type":0,"sort_reason_tag":"","delivery_type":1,"mt_delivery_time":"40分钟","status":1,"origin_status":0,"status_desc":"","pic_url":"http://p0.meituan.net/xianfu/4ffe3cf167b9ae8274ff2806e7f70a28125988.jpg","pic_url_square":"","avg_delivery_time":40,"shipping_fee":9.0,"shipping_fee_discount":0,"min_price":20.0,"new_promotion":0,"discounts2":[{"id":-3,"type":99,"info":"由美团专送提供高品质送餐服务","icon_url":"http://p0.meituan.net/xianfu/51639e2e7a51c71d967acc44a060e3092048.png","use_icon_from_server":1,"display_code":1,"sequence":49},{"id":-2,"type":11,"info":"本店支持开发票，开票金额50元起","icon_url":"http://p0.meituan.net/xianfu/476ba65ee80b6385bab292c085baed17940.png","use_icon_from_server":1,"display_code":2,"sequence":52}],"shipping_time_info":{"in_shipping_time":1,"beg_shipping_time":"","status_content":"","desc_content":"","reservation_status":0},"month_sale_num":673,"wm_poi_score":4.8,"shipping_time_x":"","pre_book":0,"brand_type":34437,"sales":0,"priority":0,"wm_poi_opening_days":0,"buz_type":0,"across_book_offset_days":0,"across_book_max_days":0,"latitude":0,"longitude":0,"primitiveDistance":1.7976931348623157E308,"distance":"2.6km","poi_type_icon":"http://p1.meituan.net/aichequan/a88918ba8699e15a5d16d5d7e09ad0022192.png","ad_attr":"","shipping_fee_tip":"配送 ¥9(夜间价)","min_price_tip":"起送 ¥20","average_price_tip":"人均 ¥23","recommend_info":{"icon":"","recommend_reason":""},"support_pay":0,"invoice_support":0,"invoice_min_price":0,"charge_info":"","ad_type":0,"wm_poi_view_id":"366963004324263"},{"id":433620896742268,"mt_poi_id":157713797,"name":"CC鲜榨果蔬吧(来福士广场店)","support_coupon":0,"is_favorite":0,"sort_reason_type":0,"sort_reason_tag":"","delivery_type":1,"mt_delivery_time":"40分钟","status":1,"origin_status":0,"status_desc":"","pic_url":"http://p0.meituan.net/xianfu/e6a55d6394fd3d9ccbb4371e4e231824182853.png","pic_url_square":"","avg_delivery_time":40,"shipping_fee":9.0,"shipping_fee_discount":0,"min_price":25.0,"new_promotion":0,"discounts2":[{"id":-3,"type":99,"info":"由美团专送提供高品质送餐服务","icon_url":"http://p0.meituan.net/xianfu/51639e2e7a51c71d967acc44a060e3092048.png","use_icon_from_server":1,"display_code":1,"sequence":49}],"shipping_time_info":{"in_shipping_time":1,"beg_shipping_time":"","status_content":"","desc_content":"","reservation_status":0},"month_sale_num":153,"wm_poi_score":4.7,"shipping_time_x":"","pre_book":0,"brand_type":11134,"sales":0,"priority":0,"wm_poi_opening_days":0,"buz_type":0,"across_book_offset_days":0,"across_book_max_days":0,"latitude":0,"longitude":0,"primitiveDistance":1.7976931348623157E308,"distance":"3.1km","poi_type_icon":"http://p1.meituan.net/aichequan/a88918ba8699e15a5d16d5d7e09ad0022192.png","ad_attr":"","shipping_fee_tip":"配送 ¥9(夜间价)","min_price_tip":"起送 ¥25","average_price_tip":"","recommend_info":{"icon":"","recommend_reason":""},"support_pay":0,"invoice_support":0,"invoice_min_price":0,"charge_info":"","ad_type":0,"wm_poi_view_id":"433620896742268"},{"id":319280277361372,"mt_poi_id":1381484,"name":"85度C（天利广场店）","support_coupon":0,"is_favorite":0,"sort_reason_type":0,"sort_reason_tag":"","delivery_type":1,"mt_delivery_time":"40分钟","status":1,"origin_status":0,"status_desc":"","pic_url":"http://p1.meituan.net/xianfu/f7b4ff730e90807900799b95a7c998eb8969.jpeg","pic_url_square":"","avg_delivery_time":40,"shipping_fee":10.0,"shipping_fee_discount":0,"min_price":20.0,"new_promotion":0,"discounts2":[{"id":-3,"type":99,"info":"由美团专送提供高品质送餐服务","icon_url":"http://p0.meituan.net/xianfu/51639e2e7a51c71d967acc44a060e3092048.png","use_icon_from_server":1,"display_code":1,"sequence":49}],"shipping_time_info":{"in_shipping_time":1,"beg_shipping_time":"","status_content":"","desc_content":"","reservation_status":0},"month_sale_num":616,"wm_poi_score":4.9,"shipping_time_x":"","pre_book":0,"brand_type":13674,"sales":0,"priority":0,"wm_poi_opening_days":0,"buz_type":0,"across_book_offset_days":0,"across_book_max_days":0,"latitude":0,"longitude":0,"primitiveDistance":1.7976931348623157E308,"distance":"3.3km","poi_type_icon":"http://p1.meituan.net/aichequan/a88918ba8699e15a5d16d5d7e09ad0022192.png","ad_attr":"","shipping_fee_tip":"配送 ¥10(夜间价)","min_price_tip":"起送 ¥20","average_price_tip":"人均 ¥20","recommend_info":{"icon":"","recommend_reason":""},"support_pay":0,"invoice_support":0,"invoice_min_price":0,"charge_info":"","ad_type":0,"wm_poi_view_id":"319280277361372"},{"id":364716736402225,"mt_poi_id":5175599,"name":"CoCo都可（学府店）","support_coupon":0,"is_favorite":0,"sort_reason_type":0,"sort_reason_tag":"","delivery_type":1,"mt_delivery_time":"40分钟","status":1,"origin_status":0,"status_desc":"","pic_url":"http://p0.meituan.net/xianfu/a08729067e17583c554fc16a647a84639601.jpg","pic_url_square":"","avg_delivery_time":40,"shipping_fee":8.0,"shipping_fee_discount":0,"min_price":20.0,"new_promotion":0,"discounts2":[{"id":-3,"type":99,"info":"由美团专送提供高品质送餐服务","icon_url":"http://p0.meituan.net/xianfu/51639e2e7a51c71d967acc44a060e3092048.png","use_icon_from_server":1,"display_code":1,"sequence":49}],"shipping_time_info":{"in_shipping_time":1,"beg_shipping_time":"","status_content":"","desc_content":"","reservation_status":0},"month_sale_num":857,"wm_poi_score":4.6,"shipping_time_x":"","pre_book":0,"brand_type":28332,"sales":0,"priority":0,"wm_poi_opening_days":0,"buz_type":0,"across_book_offset_days":0,"across_book_max_days":0,"latitude":0,"longitude":0,"primitiveDistance":1.7976931348623157E308,"distance":"984m","poi_type_icon":"http://p1.meituan.net/aichequan/a88918ba8699e15a5d16d5d7e09ad0022192.png","ad_attr":"","shipping_fee_tip":"配送 ¥8(夜间价)","min_price_tip":"起送 ¥20","average_price_tip":"人均 ¥20","recommend_info":{"icon":"","recommend_reason":""},"support_pay":0,"invoice_support":0,"invoice_min_price":0,"charge_info":"","ad_type":0,"wm_poi_view_id":"364716736402225"},{"id":532641367745275,"mt_poi_id":157251356,"name":"1點點（南山地铁店）","support_coupon":0,"is_favorite":0,"sort_reason_type":0,"sort_reason_tag":"","delivery_type":1,"mt_delivery_time":"45分钟","status":1,"origin_status":0,"status_desc":"","pic_url":"http://p0.meituan.net/xianfu/79135980d2c38c4fa791af3d02ab94b399897.jpg","pic_url_square":"","avg_delivery_time":45,"shipping_fee":8.0,"shipping_fee_discount":0,"min_price":20.0,"new_promotion":0,"discounts2":[{"id":-3,"type":99,"info":"由美团专送提供高品质送餐服务","icon_url":"http://p0.meituan.net/xianfu/51639e2e7a51c71d967acc44a060e3092048.png","use_icon_from_server":1,"display_code":1,"sequence":49}],"shipping_time_info":{"in_shipping_time":1,"beg_shipping_time":"","status_content":"","desc_content":"","reservation_status":0},"month_sale_num":1479,"wm_poi_score":4.8,"shipping_time_x":"","pre_book":0,"brand_type":19008,"sales":0,"priority":0,"wm_poi_opening_days":0,"buz_type":0,"across_book_offset_days":0,"across_book_max_days":0,"latitude":0,"longitude":0,"primitiveDistance":1.7976931348623157E308,"distance":"1.8km","poi_type_icon":"http://p1.meituan.net/aichequan/a88918ba8699e15a5d16d5d7e09ad0022192.png","ad_attr":"","shipping_fee_tip":"配送 ¥8(夜间价)","min_price_tip":"起送 ¥20","average_price_tip":"人均 ¥16","recommend_info":{"icon":"","recommend_reason":""},"support_pay":0,"invoice_support":0,"invoice_min_price":0,"charge_info":"","ad_type":0,"wm_poi_view_id":"532641367745275"},{"id":351986453347375,"mt_poi_id":163010725,"name":"楼下的猫咖啡","support_coupon":0,"is_favorite":0,"sort_reason_type":0,"sort_reason_tag":"","delivery_type":1,"mt_delivery_time":"40分钟","status":1,"origin_status":0,"status_desc":"","pic_url":"http://p0.meituan.net/wmproduct/f52a133c106ab9266d0f07f1d97bde591859720.jpg","pic_url_square":"","avg_delivery_time":40,"shipping_fee":6.0,"shipping_fee_discount":0,"min_price":20.0,"new_promotion":0,"discounts2":[{"id":-3,"type":99,"info":"由美团专送提供高品质送餐服务","icon_url":"http://p0.meituan.net/xianfu/51639e2e7a51c71d967acc44a060e3092048.png","use_icon_from_server":1,"display_code":1,"sequence":49}],"shipping_time_info":{"in_shipping_time":1,"beg_shipping_time":"","status_content":"","desc_content":"","reservation_status":0},"month_sale_num":231,"wm_poi_score":4.9,"shipping_time_x":"","pre_book":0,"brand_type":0,"sales":0,"priority":0,"wm_poi_opening_days":0,"buz_type":0,"across_book_offset_days":0,"across_book_max_days":0,"latitude":0,"longitude":0,"primitiveDistance":1.7976931348623157E308,"distance":"727m","poi_type_icon":"","ad_attr":"","shipping_fee_tip":"配送 ¥6","min_price_tip":"起送 ¥20","average_price_tip":"人均 ¥30","recommend_info":{"icon":"","recommend_reason":""},"support_pay":0,"invoice_support":0,"invoice_min_price":0,"charge_info":"","ad_type":0,"wm_poi_view_id":"351986453347375"},{"id":530828891553626,"mt_poi_id":6711906,"name":"榴芒一族（海岸城店）","support_coupon":0,"is_favorite":0,"sort_reason_type":0,"sort_reason_tag":"","delivery_type":1,"mt_delivery_time":"40分钟","status":1,"origin_status":0,"status_desc":"","pic_url":"http://p1.meituan.net/xianfu/5ef72beae6d7db58dc64ff28cd72cd00218853.png","pic_url_square":"","avg_delivery_time":40,"shipping_fee":10.0,"shipping_fee_discount":0,"min_price":20.0,"new_promotion":0,"discounts2":[{"id":-3,"type":99,"info":"由美团专送提供高品质送餐服务","icon_url":"http://p0.meituan.net/xianfu/51639e2e7a51c71d967acc44a060e3092048.png","use_icon_from_server":1,"display_code":1,"sequence":49}],"shipping_time_info":{"in_shipping_time":1,"beg_shipping_time":"","status_content":"","desc_content":"","reservation_status":0},"month_sale_num":298,"wm_poi_score":4.6,"shipping_time_x":"","pre_book":0,"brand_type":12899,"sales":0,"priority":0,"wm_poi_opening_days":0,"buz_type":0,"across_book_offset_days":0,"across_book_max_days":0,"latitude":0,"longitude":0,"primitiveDistance":1.7976931348623157E308,"distance":"3.4km","poi_type_icon":"http://p1.meituan.net/aichequan/a88918ba8699e15a5d16d5d7e09ad0022192.png","ad_attr":"","shipping_fee_tip":"配送 ¥10(夜间价)","min_price_tip":"起送 ¥20","average_price_tip":"人均 ¥23","recommend_info":{"icon":"","recommend_reason":""},"support_pay":0,"invoice_support":0,"invoice_min_price":0,"charge_info":"","ad_type":0,"wm_poi_view_id":"530828891553626"},{"id":348949911454869,"mt_poi_id":159347542,"name":"梁氏姜撞奶甜品店","support_coupon":0,"is_favorite":0,"sort_reason_type":0,"sort_reason_tag":"","delivery_type":1,"mt_delivery_time":"40分钟","status":1,"origin_status":0,"status_desc":"","pic_url":"http://p0.meituan.net/xianfu/089db44f5f565a422c826d14ec8ebb7529036.jpg","pic_url_square":"","avg_delivery_time":40,"shipping_fee":6.0,"shipping_fee_discount":0,"min_price":20.0,"new_promotion":0,"discounts2":[{"id":-3,"type":99,"info":"由美团专送提供高品质送餐服务","icon_url":"http://p0.meituan.net/xianfu/51639e2e7a51c71d967acc44a060e3092048.png","use_icon_from_server":1,"display_code":1,"sequence":49}],"shipping_time_info":{"in_shipping_time":1,"beg_shipping_time":"","status_content":"","desc_content":"","reservation_status":0},"month_sale_num":218,"wm_poi_score":4.3,"shipping_time_x":"","pre_book":0,"brand_type":0,"sales":0,"priority":0,"wm_poi_opening_days":0,"buz_type":0,"across_book_offset_days":0,"across_book_max_days":0,"latitude":0,"longitude":0,"primitiveDistance":1.7976931348623157E308,"distance":"489m","poi_type_icon":"","ad_attr":"","shipping_fee_tip":"配送 ¥6","min_price_tip":"起送 ¥20","average_price_tip":"人均 ¥17","recommend_info":{"icon":"","recommend_reason":""},"support_pay":0,"invoice_support":0,"invoice_min_price":0,"charge_info":"","ad_type":0,"wm_poi_view_id":"348949911454869"},{"id":295211280683313,"mt_poi_id":93697299,"name":"大卡司（南新路店）","support_coupon":0,"is_favorite":0,"sort_reason_type":0,"sort_reason_tag":"","delivery_type":1,"mt_delivery_time":"40分钟","status":1,"origin_status":0,"status_desc":"","pic_url":"http://p1.meituan.net/wmproduct/08ec9448efd06b53ec5f6921a5d479eb200474.jpg","pic_url_square":"","avg_delivery_time":40,"shipping_fee":8.0,"shipping_fee_discount":0,"min_price":20.0,"new_promotion":0,"discounts2":[{"id":-3,"type":99,"info":"由美团专送提供高品质送餐服务","icon_url":"http://p0.meituan.net/xianfu/51639e2e7a51c71d967acc44a060e3092048.png","use_icon_from_server":1,"display_code":1,"sequence":49}],"shipping_time_info":{"in_shipping_time":1,"beg_shipping_time":"","status_content":"","desc_content":"","reservation_status":0},"month_sale_num":315,"wm_poi_score":4.6,"shipping_time_x":"","pre_book":0,"brand_type":709,"sales":0,"priority":0,"wm_poi_opening_days":0,"buz_type":0,"across_book_offset_days":0,"across_book_max_days":0,"latitude":0,"longitude":0,"primitiveDistance":1.7976931348623157E308,"distance":"647m","poi_type_icon":"http://p1.meituan.net/aichequan/a88918ba8699e15a5d16d5d7e09ad0022192.png","ad_attr":"","shipping_fee_tip":"配送 ¥8(夜间价)","min_price_tip":"起送 ¥20","average_price_tip":"人均 ¥22","recommend_info":{"icon":"","recommend_reason":""},"support_pay":0,"invoice_support":0,"invoice_min_price":0,"charge_info":"","ad_type":0,"wm_poi_view_id":"295211280683313"},{"id":427195625640614,"mt_poi_id":157309110,"name":"YO!Tea有茶（来福士广场店）","support_coupon":0,"is_favorite":0,"sort_reason_type":0,"sort_reason_tag":"","delivery_type":1,"mt_delivery_time":"40分钟","status":1,"origin_status":0,"status_desc":"","pic_url":"http://p0.meituan.net/xianfu/a0f7573664dfd086e66b522397920aee71011.png","pic_url_square":"","avg_delivery_time":40,"shipping_fee":10.0,"shipping_fee_discount":0,"min_price":28.0,"new_promotion":0,"discounts2":[{"id":100,"type":20,"info":"实际支付68元返10元商家代金券","icon_url":"http://p0.meituan.net/xianfu/652eea4034250563fe11b02e3219ba8d981.png","use_icon_from_server":1,"display_code":2,"sequence":7},{"id":-3,"type":99,"info":"由美团专送提供高品质送餐服务","icon_url":"http://p0.meituan.net/xianfu/51639e2e7a51c71d967acc44a060e3092048.png","use_icon_from_server":1,"display_code":1,"sequence":49}],"shipping_time_info":{"in_shipping_time":1,"beg_shipping_time":"","status_content":"","desc_content":"","reservation_status":0},"month_sale_num":1338,"wm_poi_score":4.7,"shipping_time_x":"","pre_book":0,"brand_type":34601,"sales":0,"priority":0,"wm_poi_opening_days":0,"buz_type":0,"across_book_offset_days":0,"across_book_max_days":0,"latitude":0,"longitude":0,"primitiveDistance":1.7976931348623157E308,"distance":"3.1km","poi_type_icon":"http://p1.meituan.net/aichequan/a88918ba8699e15a5d16d5d7e09ad0022192.png","ad_attr":"","shipping_fee_tip":"配送 ¥10(夜间价)","min_price_tip":"起送 ¥28","average_price_tip":"人均 ¥25","recommend_info":{"icon":"","recommend_reason":""},"support_pay":0,"invoice_support":0,"invoice_min_price":0,"charge_info":"","ad_type":0,"wm_poi_view_id":"427195625640614"},{"id":409526130221430,"mt_poi_id":164193721,"name":"雅岛英皇茶(学府路店)","support_coupon":0,"is_favorite":0,"sort_reason_type":0,"sort_reason_tag":"","delivery_type":1,"mt_delivery_time":"40分钟","status":1,"origin_status":0,"status_desc":"","pic_url":"http://p0.meituan.net/xianfu/154a2dd6942c044115f3d2cb48060461125605.jpg","pic_url_square":"","avg_delivery_time":40,"shipping_fee":6.0,"shipping_fee_discount":0,"min_price":20.0,"new_promotion":0,"discounts2":[{"id":-3,"type":99,"info":"由美团专送提供高品质送餐服务","icon_url":"http://p0.meituan.net/xianfu/51639e2e7a51c71d967acc44a060e3092048.png","use_icon_from_server":1,"display_code":1,"sequence":49}],"shipping_time_info":{"in_shipping_time":1,"beg_shipping_time":"","status_content":"","desc_content":"","reservation_status":0},"month_sale_num":158,"wm_poi_score":4.3,"shipping_time_x":"","pre_book":0,"brand_type":28394,"sales":0,"priority":0,"wm_poi_opening_days":0,"buz_type":0,"across_book_offset_days":0,"across_book_max_days":0,"latitude":0,"longitude":0,"primitiveDistance":1.7976931348623157E308,"distance":"910m","poi_type_icon":"http://p1.meituan.net/aichequan/a88918ba8699e15a5d16d5d7e09ad0022192.png","ad_attr":"","shipping_fee_tip":"配送 ¥6","min_price_tip":"起送 ¥20","average_price_tip":"人均 ¥17","recommend_info":{"icon":"","recommend_reason":""},"support_pay":0,"invoice_support":0,"invoice_min_price":0,"charge_info":"","ad_type":0,"wm_poi_view_id":"409526130221430"}],"poi_has_next_page":true,"poi_total_num":151,"page_index":0,"page_size":20,"has_activity":false,"remind_infos":[],"rank_strategy_tag":"RK1100","rank_strategy_version":""},"code":0,"msg":"成功"}